"Name","MOR01_LIVER_RAW","MOR02_LIVER_RAW","MOR03_LIVER_RAW","MOR04_LIVER_RAW","MOR13_LIVER_RAW","MOR14_LIVER_RAW","MOR01_TEL_RAW","MOR02_TEL_RAW","MOR03_TEL_RAW","MOR04_TEL_RAW","MOR13_TEL_RAW","MOR14_TEL_RAW","baseMean.Liver_vs_Telencephalon","log2FoldChange.Liver_vs_Telencephalon","lfcSE.Liver_vs_Telencephalon","stat.Liver_vs_Telencephalon","pvalue.Liver_vs_Telencephalon","padj.Liver_vs_Telencephalon","MOR01_LIVER_RAW.norm","MOR02_LIVER_RAW.norm","MOR03_LIVER_RAW.norm","MOR04_LIVER_RAW.norm","MOR13_LIVER_RAW.norm","MOR14_LIVER_RAW.norm","MOR01_TEL_RAW.norm","MOR02_TEL_RAW.norm","MOR03_TEL_RAW.norm","MOR04_TEL_RAW.norm","MOR13_TEL_RAW.norm","MOR14_TEL_RAW.norm","MOR01_LIVER_RAW.normtrans","MOR02_LIVER_RAW.normtrans","MOR03_LIVER_RAW.normtrans","MOR04_LIVER_RAW.normtrans","MOR13_LIVER_RAW.normtrans","MOR14_LIVER_RAW.normtrans","MOR01_TEL_RAW.normtrans","MOR02_TEL_RAW.normtrans","MOR03_TEL_RAW.normtrans","MOR04_TEL_RAW.normtrans","MOR13_TEL_RAW.normtrans","MOR14_TEL_RAW.normtrans"
"Achromobacter aegrifaciens",0,0,323,0,0,0,0,0,0,0,0,0,32.4558232775162,27.6994051098665,3.07022377246479,9.02194991723004,1.84770693583446e-19,2.29643576310855e-18,0,0,389.469879330195,0,0,0,0,0,0,0,0,0,-4.74853319525648,-4.74853319525648,8.60564350863979,-4.74853319525648,-4.74853319525648,-4.74853319525648,-4.74853319525648,-4.74853319525648,-4.74853319525648,-4.74853319525648,-4.74853319525648,-4.74853319525648
"Achromobacter anxifer",0,0,124,0,0,0,0,0,0,0,0,0,12.459820700966,25.6747994399409,3.07226828502176,8.35695227695879,6.43593205429533e-17,3.73284059149129e-16,0,0,149.517848411592,0,0,0,0,0,0,0,0,0,-4.74853319525648,-4.74853319525648,7.22489153011312,-4.74853319525648,-4.74853319525648,-4.74853319525648,-4.74853319525648,-4.74853319525648,-4.74853319525648,-4.74853319525648,-4.74853319525648,-4.74853319525648
"Achromobacter deleyi",0,0,394,0,0,0,0,0,0,0,0,0,39.5900754530694,28.1395411011041,3.06991002042591,9.16624295626753,4.89792216088853e-20,7.10198713328837e-19,0,0,475.080905436832,0,0,0,0,0,0,0,0,0,-4.74853319525648,-4.74853319525648,8.89225532232869,-4.74853319525648,-4.74853319525648,-4.74853319525648,-4.74853319525648,-4.74853319525648,-4.74853319525648,-4.74853319525648,-4.74853319525648,-4.74853319525648
"Akanthomyces muscarius",0,0,24684,0,0,0,0,557,0,0,0,0,2493.11385046507,14.0719787766212,2.98655790691351,4.71177161643052,2.45572505315355e-06,9.71127634656175e-06,0,0,29763.6981467075,0,0,0,0,153.66805887332,0,0,0,0,-4.74853319525648,-4.74853319525648,14.8612697786746,-4.74853319525648,-4.74853319525648,-4.74853319525648,-4.74853319525648,7.26437176260856,-4.74853319525648,-4.74853319525648,-4.74853319525648,-4.74853319525648
"Aspergillus chevalieri",0,0,1165,0,0,0,0,6322,0,0,0,0,262.407547006776,8.92785869603531,2.97423916575698,3.001728576109,0.00268451415447331,0.00805354246341993,0,0,1404.74430160891,0,0,0,0,1744.1462624724,0,0,0,0,-4.74853319525648,-4.74853319525648,10.4561682406798,-4.74853319525648,-4.74853319525648,-4.74853319525648,-4.74853319525648,10.7683668528088,-4.74853319525648,-4.74853319525648,-4.74853319525648,-4.74853319525648
"Aspergillus fumigatus",0,0,249,0,0,0,0,0,0,0,0,0,25.0201238269398,27.1457879658876,3.07068538247786,8.8403025984976,9.5459707138429e-19,9.22777169004814e-18,0,0,300.241485923277,0,0,0,0,0,0,0,0,0,-4.74853319525648,-4.74853319525648,8.23033696438524,-4.74853319525648,-4.74853319525648,-4.74853319525648,-4.74853319525648,-4.74853319525648,-4.74853319525648,-4.74853319525648,-4.74853319525648,-4.74853319525648
"Aspergillus luchuensis",74,139,0,0,0,38,274,366,61,0,0,51,140.474439092087,-2.12319010032427,2.59583017521795,-0.817923345137938,0.413400959130225,0.521244687598979,339.929760109877,116.274124401617,0,0,0,22.1901773068125,740.882796327339,100.973984825197,352.266979202668,0,0,13.1754469315375,8.40940857548173,6.86230896909402,-4.74853319525648,-4.74853319525648,-4.74853319525648,4.47667435783805,9.53324639140339,6.65890227086065,8.46083009382908,-4.74853319525648,-4.74853319525648,3.72789252986524
"Aspergillus puulaauensis",0,0,64,0,0,30,0,43,0,0,0,0,8.87934393571795,4.4290781207285,2.96759315499775,1.49248157998661,0.135572942591899,0.218423074175837,0,0,77.1705024059829,0,0,17.518561031694,0,11.8630637909385,0,0,0,0,-4.74853319525648,-4.74853319525648,6.27136750882771,-4.74853319525648,-4.74853319525648,4.13692005048478,-4.74853319525648,3.57741056845668,-4.74853319525648,-4.74853319525648,-4.74853319525648,-4.74853319525648
"Bordetella genomosp. 13",0,0,436,0,0,0,0,0,0,0,0,0,43.8103373033965,28.3589094350241,3.06976135728873,9.23814789957198,2.50800674429081e-20,4.36393173506601e-19,0,0,525.724047640758,0,0,0,0,0,0,0,0,0,-4.74853319525648,-4.74853319525648,9.03836606800754,-4.74853319525648,-4.74853319525648,-4.74853319525648,-4.74853319525648,-4.74853319525648,-4.74853319525648,-4.74853319525648,-4.74853319525648,-4.74853319525648
"Bordetella pertussis",0,0,3156,0,0,0,0,0,0,0,0,0,317.122533324586,30,3.06794850792185,9.77852135475417,1.39229663102743e-22,6.18874742932505e-21,0,0,3805.47039989503,0,0,0,0,0,0,0,0,0,-4.74853319525648,-4.74853319525648,11.8938872889388,-4.74853319525648,-4.74853319525648,-4.74853319525648,-4.74853319525648,-4.74853319525648,-4.74853319525648,-4.74853319525648,-4.74853319525648,-4.74853319525648
"Bordetella petrii",0,0,1182,0,0,0,0,0,0,0,0,0,118.770226359208,30,3.06863481136108,9.77633437805316,1.42270055846553e-22,6.18874742932505e-21,0,0,1425.2427163105,0,0,0,0,0,0,0,0,0,-4.74853319525648,-4.74853319525648,10.4770672224274,-4.74853319525648,-4.74853319525648,-4.74853319525648,-4.74853319525648,-4.74853319525648,-4.74853319525648,-4.74853319525648,-4.74853319525648,-4.74853319525648
"Borreliella burgdorferi",0,0,0,0,0,0,108,0,0,333,0,0,79.5271140696401,-28.3386307474383,3.03218624653001,-9.34594000611559,9.1076814959718e-21,1.98092072537387e-19,0,0,0,0,0,0,292.026795632674,0,0,662.298573203008,0,0,-4.74853319525648,-4.74853319525648,-4.74853319525648,-4.74853319525648,-4.74853319525648,-4.74853319525648,8.19032443500304,-4.74853319525648,-4.74853319525648,9.37149999528114,-4.74853319525648,-4.74853319525648
"Botrytis cinerea",0,0,0,0,0,0,0,102,0,0,0,0,2.34502423774366,-2.9198289224077,3.0729289142046,-0.950177828361341,0.342021902438005,0.457783161724714,0,0,0,0,0,0,0,28.1402908529239,0,0,0,0,-4.74853319525648,-4.74853319525648,-4.74853319525648,-4.74853319525648,-4.74853319525648,-4.74853319525648,-4.74853319525648,4.81837218276069,-4.74853319525648,-4.74853319525648,-4.74853319525648,-4.74853319525648
"Brachybacterium saurashtrense",0,0,148,0,0,0,0,0,0,0,0,0,14.871398901153,26.0336550124935,3.07181231835974,8.47501484934301,2.35049553343124e-17,1.70410926173765e-16,0,0,178.456786813835,0,0,0,0,0,0,0,0,0,-4.74853319525648,-4.74853319525648,7.48003224983342,-4.74853319525648,-4.74853319525648,-4.74853319525648,-4.74853319525648,-4.74853319525648,-4.74853319525648,-4.74853319525648,-4.74853319525648,-4.74853319525648
"Brasilonema sennae",0,0,156,0,0,0,0,0,0,0,0,0,15.6752583012153,26.1394593328392,3.07168442007106,8.50981277960659,1.7421442442735e-17,1.37787772047086e-16,0,0,188.103099614583,0,0,0,0,0,0,0,0,0,-4.74853319525648,-4.74853319525648,7.55595027676715,-4.74853319525648,-4.74853319525648,-4.74853319525648,-4.74853319525648,-4.74853319525648,-4.74853319525648,-4.74853319525648,-4.74853319525648,-4.74853319525648
"Brettanomyces bruxellensis",0,0,0,0,274,35,0,0,0,0,164,42,15.8356519972959,-0.843108189864952,2.74879042858016,-0.306719705183361,0.759056729712643,0.824391202808361,0,0,0,0,80.9959620116542,20.4383212036431,0,0,0,0,77.7431726909877,10.8503680612662,-4.74853319525648,-4.74853319525648,-4.74853319525648,-4.74853319525648,6.34110239510797,4.35844231532545,-4.74853319525648,-4.74853319525648,-4.74853319525648,-4.74853319525648,6.28202376470426,3.44951415603914
"Candidatus Symbiobacter mobilis",0,0,38,0,0,0,0,0,0,0,0,0,3.81833215029603,5.39818802633295,3.01704835058911,1.78922821216269,0.0735780699089522,0.136197703874018,0,0,45.8199858035523,0,0,0,0,0,0,0,0,0,-4.74853319525648,-4.74853319525648,5.52024486158636,-4.74853319525648,-4.74853319525648,-4.74853319525648,-4.74853319525648,-4.74853319525648,-4.74853319525648,-4.74853319525648,-4.74853319525648,-4.74853319525648
"Candidozyma auris",0,0,44,0,38,45,0,0,0,0,0,79,9.24788368500468,1.31488300647791,2.9606843364288,0.444114554969385,0.656959763876525,0.755048306569311,0,0,53.0547204041132,0,11.2330166293535,26.2778415475411,0,0,0,0,0,20.4090256390483,-4.74853319525648,-4.74853319525648,5.73143024412731,-4.74853319525648,3.49918197242999,4.71985096153946,-4.74853319525648,-4.74853319525648,-4.74853319525648,-4.74853319525648,-4.74853319525648,4.35638042158897
"Cercospora beticola",0,0,47,0,0,0,0,3101,0,0,0,0,76.016008889514,4.02927744073106,2.99202682617078,1.34667156239631,0.17808603497743,0.271815527070814,0,0,56.6720877043937,0,0,0,0,855.520018969774,0,0,0,0,-4.74853319525648,-4.74853319525648,5.82645860186956,-4.74853319525648,-4.74853319525648,-4.74853319525648,-4.74853319525648,9.74078326067342,-4.74853319525648,-4.74853319525648,-4.74853319525648,-4.74853319525648
"Coccidioides posadasii",0,0,0,0,45,0,0,238,0,0,0,30,7.22609984104063,-4.01500991833603,2.9745982845075,-1.34976542521633,0.17709123855795,0.271815527070814,0,0,0,0,13.3022565347607,0,0,65.6606786568224,0,0,0,7.75026290090443,-4.74853319525648,-4.74853319525648,-4.74853319525648,-4.74853319525648,3.74163461295534,-4.74853319525648,-4.74853319525648,6.03859110710554,-4.74853319525648,-4.74853319525648,-4.74853319525648,2.96799618308089
"Colletotrichum higginsianum",0,0,1011,0,466,245,0,337,0,0,291,202,148.581535813506,1.53113613589569,2.70668056951441,0.565687784935177,0.571606040370763,0.690690632114672,0,0,1219.05278019451,0,137.752256559967,143.068248425501,0,92.973313896425,0,0,137.946727152911,52.1851035327565,-4.74853319525648,-4.74853319525648,10.2516329213201,-4.74853319525648,7.10671103718029,7.16130968068467,-4.74853319525648,6.53989858550037,-4.74853319525648,-4.74853319525648,7.10874521589602,5.707620811916
"Colletotrichum lupini",0,0,53,0,0,0,0,0,0,0,0,0,5.32556852541288,5.8768601523637,3.01443556773209,1.9495723230154,0.0512271148716453,0.0990390887518475,0,0,63.9068223049546,0,0,0,0,0,0,0,0,0,-4.74853319525648,-4.74853319525648,5.99957618499756,-4.74853319525648,-4.74853319525648,-4.74853319525648,-4.74853319525648,-4.74853319525648,-4.74853319525648,-4.74853319525648,-4.74853319525648,-4.74853319525648
"Cryptococcus gattii",0,0,0,0,243,0,0,0,0,0,177,0,12.978160545472,-0.90415980389812,2.98253871862401,-0.303151070010334,0.761774735891348,0.824391202808361,0,0,0,0,71.8321852877079,0,0,0,0,0,83.9057412579563,0,-4.74853319525648,-4.74853319525648,-4.74853319525648,-4.74853319525648,6.16805163021999,-4.74853319525648,-4.74853319525648,-4.74853319525648,-4.74853319525648,-4.74853319525648,6.39197604469552,-4.74853319525648
"Drechmeria coniospora",0,0,605,0,0,0,0,25,0,0,0,0,61.3666279722973,9.68579185744595,2.99462056002275,3.23439703405108,0.00121899866084546,0.00407895705744443,0,0,729.502405556557,0,0,0,0,6.89713011101075,0,0,0,0,-4.74853319525648,-4.74853319525648,9.51091605269125,-4.74853319525648,-4.74853319525648,-4.74853319525648,-4.74853319525648,2.80143447047061,-4.74853319525648,-4.74853319525648,-4.74853319525648,-4.74853319525648
"Fulvia fulva",0,0,0,0,0,0,0,107,0,0,0,0,2.4599764062605,-2.9651137748042,3.07171903588041,-0.96529459243148,0.334397279530971,0.457783161724714,0,0,0,0,0,0,0,29.519716875126,0,0,0,0,-4.74853319525648,-4.74853319525648,-4.74853319525648,-4.74853319525648,-4.74853319525648,-4.74853319525648,-4.74853319525648,4.88723627211298,-4.74853319525648,-4.74853319525648,-4.74853319525648,-4.74853319525648
"Fusarium falciforme",0,0,146,0,0,0,0,0,0,0,0,0,14.6704340511374,25.9512935921445,3.07184528493461,8.44811218827283,2.96050827320508e-17,1.98126322899109e-16,0,0,176.045208613648,0,0,0,0,0,0,0,0,0,-4.74853319525648,-4.74853319525648,7.46041167733979,-4.74853319525648,-4.74853319525648,-4.74853319525648,-4.74853319525648,-4.74853319525648,-4.74853319525648,-4.74853319525648,-4.74853319525648,-4.74853319525648
"Fusarium graminearum",0,0,84,0,0,0,0,0,0,0,0,0,8.44052370065438,6.5399500278574,3.01197383776802,2.17131701007859,0.02990721736487,0.0650481977685923,0,0,101.286284407853,0,0,0,0,0,0,0,0,0,-4.74853319525648,-4.74853319525648,6.66335418139486,-4.74853319525648,-4.74853319525648,-4.74853319525648,-4.74853319525648,-4.74853319525648,-4.74853319525648,-4.74853319525648,-4.74853319525648,-4.74853319525648
"Fusarium keratoplasticum",0,0,627,0,202,0,0,150,0,0,219,109,82.4249803906077,1.66257465752658,2.91968093052146,0.569437105317409,0.569059541871772,0.690690632114672,0,0,756.029765758614,0,59.7123515560371,0,0,41.3827806660645,0,0,103.815578166624,28.1592885399528,-4.74853319525648,-4.74853319525648,9.56244119134618,-4.74853319525648,5.90175338755115,-4.74853319525648,-4.74853319525648,5.37354897777613,-4.74853319525648,-4.74853319525648,6.69891250955878,4.81934326339761
"Fusarium oxysporum",0,0,1367,0,146,0,0,0,0,0,165,0,147.474112380623,12.5798932111126,3.03463533145145,4.14543819507162,3.39164476535931e-05,0.000122947122744275,0,0,1648.31369982779,0,43.1584323127793,0,0,0,0,0,78.2172164269084,0,-4.74853319525648,-4.74853319525648,10.6868402383987,-4.74853319525648,5.43405441638288,-4.74853319525648,-4.74853319525648,-4.74853319525648,-4.74853319525648,-4.74853319525648,6.2907856185635,-4.74853319525648
"Fusarium poae",0,0,1196,0,78,0,0,0,0,0,0,157,125.478393129455,6.18897867522661,3.00228287832062,2.06142423151296,0.0392625850819861,0.0794382535379718,0,0,1442.12376371181,0,23.0572446602519,0,0,0,0,0,0,40.5597091813999,-4.74853319525648,-4.74853319525648,10.4940536949368,-4.74853319525648,4.53179227436381,-4.74853319525648,-4.74853319525648,-4.74853319525648,-4.74853319525648,-4.74853319525648,-4.74853319525648,5.34461818951829
"Giardia duodenalis",0,0,0,0,108,27,0,0,0,0,37,58,6.68463170411916,-0.742161663991358,2.73988066243777,-0.270873718759353,0.78648815900108,0.824391202808361,0,0,0,0,31.9254156834258,15.7667049285246,0,0,0,0,17.5396182290643,14.9838416084152,-4.74853319525648,-4.74853319525648,-4.74853319525648,-4.74853319525648,4.9999897878269,3.98559320233075,-4.74853319525648,-4.74853319525648,-4.74853319525648,-4.74853319525648,4.13864580986584,3.91247270301904
"Glycocaulis alkaliphilus",0,0,0,0,0,0,0,102,0,0,0,0,2.34502423774366,-2.9198289224077,3.0729289142046,-0.950177828361341,0.342021902438005,0.457783161724714,0,0,0,0,0,0,0,28.1402908529239,0,0,0,0,-4.74853319525648,-4.74853319525648,-4.74853319525648,-4.74853319525648,-4.74853319525648,-4.74853319525648,-4.74853319525648,4.81837218276069,-4.74853319525648,-4.74853319525648,-4.74853319525648,-4.74853319525648
"Gorganvirus isfahan",0,0,0,0,0,0,0,0,0,14,0,0,2.32036537158211,-4.61388329260773,3.03872069870275,-1.51836372937382,0.128922729993435,0.211627877536393,0,0,0,0,0,0,0,0,0,27.8443844589853,0,0,-4.74853319525648,-4.74853319525648,-4.74853319525648,-4.74853319525648,-4.74853319525648,-4.74853319525648,-4.74853319525648,-4.74853319525648,-4.74853319525648,4.80316171794732,-4.74853319525648,-4.74853319525648
"Guillardia theta",0,0,0,0,74,0,0,0,0,0,0,42,2.72709915986902,-0.482617415049578,3.00228207942348,-0.160750190116131,0.872290157433455,0.892814631726007,0,0,0,0,21.8748218571621,0,0,0,0,0,0,10.8503680612662,-4.74853319525648,-4.74853319525648,-4.74853319525648,-4.74853319525648,4.45609381409485,-4.74853319525648,-4.74853319525648,-4.74853319525648,-4.74853319525648,-4.74853319525648,-4.74853319525648,3.44951415603914
"Halotia branconii",0,0,131,0,0,0,0,0,0,0,0,0,13.1631976760205,25.7524753325243,3.07212357043731,8.38263004142719,5.17579604891127e-17,3.21638754468058e-16,0,0,157.958372112246,0,0,0,0,0,0,0,0,0,-4.74853319525648,-4.74853319525648,7.30407988833934,-4.74853319525648,-4.74853319525648,-4.74853319525648,-4.74853319525648,-4.74853319525648,-4.74853319525648,-4.74853319525648,-4.74853319525648,-4.74853319525648
"Hemiselmis andersenii",0,0,95,0,0,0,0,0,0,0,0,0,9.54583037574007,24.973227821468,3.07304797906642,8.1265336537488,4.41740898383676e-16,2.26067400937528e-15,0,0,114.549964508881,0,0,0,0,0,0,0,0,0,-4.74853319525648,-4.74853319525648,6.84076978641171,-4.74853319525648,-4.74853319525648,-4.74853319525648,-4.74853319525648,-4.74853319525648,-4.74853319525648,-4.74853319525648,-4.74853319525648,-4.74853319525648
"Hydrocarboniphaga effusa",0,0,188,0,0,0,0,741,0,0,0,0,35.9266072756611,6.87309484912455,2.98880513087424,2.29961290487819,0.0214701603245271,0.0533686842352531,0,0,226.688350817575,0,0,0,0,204.430936490359,0,0,0,0,-4.74853319525648,-4.74853319525648,7.82503983307911,-4.74853319525648,-4.74853319525648,-4.74853319525648,-4.74853319525648,7.67599463969509,-4.74853319525648,-4.74853319525648,-4.74853319525648,-4.74853319525648
"Klebsiella pneumoniae",0,0,0,0,0,2282,0,0,0,480,0,1358,219.839309984513,-9.45115268179097,2.98794729345295,-3.16309216782367,0.0015610290152159,0.00502998238236235,0,0,0,0,0,1332.57854247753,0,0,0,954.664610022353,0,350.828567314274,-4.74853319525648,-4.74853319525648,-4.74853319525648,-4.74853319525648,-4.74853319525648,10.3800853986668,-4.74853319525648,-4.74853319525648,-4.74853319525648,9.89896259728772,-4.74853319525648,8.45492832542488
"Kwoniella bestiolae",0,0,0,0,42,0,0,0,0,37,0,0,7.16701414902776,-3.93395714873398,2.98832532442242,-1.3164420609039,0.188025712981331,0.282038569471997,0,0,0,0,12.4154394324433,0,0,0,0,73.5887303558897,0,0,-4.74853319525648,-4.74853319525648,-4.74853319525648,-4.74853319525648,3.64267034757057,-4.74853319525648,-4.74853319525648,-4.74853319525648,-4.74853319525648,6.20287045420064,-4.74853319525648,-4.74853319525648
"Kwoniella botswanensis",0,0,0,0,147,236,0,0,0,0,54,38,18.0568399619783,0.760273722342175,2.75520155177362,0.275941236260106,0.782593201041479,0.824391202808361,0,0,0,0,43.4540380135517,137.812680115993,0,0,0,0,25.5983617397155,9.81699967447895,-4.74853319525648,-4.74853319525648,-4.74853319525648,-4.74853319525648,5.44388532697456,7.10734337983475,-4.74853319525648,-4.74853319525648,-4.74853319525648,-4.74853319525648,4.68216362647526,3.30615442966584
"Kwoniella mangrovensis",0,0,0,0,63,0,0,0,0,0,0,74,3.14503952535244,-1.31956427573917,2.99567527310574,-0.440489757880575,0.659582428727214,0.755048306569311,0,0,0,0,18.623159148665,0,0,0,0,0,0,19.1173151555643,-4.74853319525648,-4.74853319525648,-4.74853319525648,-4.74853319525648,4.22477241248609,-4.74853319525648,-4.74853319525648,-4.74853319525648,-4.74853319525648,-4.74853319525648,-4.74853319525648,4.26240640361424
"Malassezia japonica",0,0,45,150,0,0,0,890,0,0,0,0,39.8778449299836,4.7168901870884,3.00438639890795,1.57000117854445,0.11641483709482,0.194770977447103,0,0,54.2605095042067,178.735797703614,0,0,0,245.537831951983,0,0,0,0,-4.74853319525648,-4.74853319525648,5.76380685608187,7.48228515284891,-4.74853319525648,-4.74853319525648,-4.74853319525648,7.94023857427926,-4.74853319525648,-4.74853319525648,-4.74853319525648,-4.74853319525648
"Malassezia restricta",0,0,492,0,0,0,0,389,0,0,0,0,58.3806318144434,8.50969387635926,2.990224962669,2.84583734755652,0.00442948137124293,0.0124311251386495,0,0,593.248237245994,0,0,0,0,107.319344527327,0,0,0,0,-4.74853319525648,-4.74853319525648,9.21267301415426,-4.74853319525648,-4.74853319525648,-4.74853319525648,-4.74853319525648,6.74676599242702,-4.74853319525648,-4.74853319525648,-4.74853319525648,-4.74853319525648
"Marasmius oreades",0,0,18,150,53,47,33,32,0,0,32,27,30.3130184784647,1.05738538428401,2.20652840299223,0.479207692432198,0.631790882342217,0.749264866512747,0,0,21.7042038016827,178.735797703614,15.6671021409404,27.4457456163207,89.2304097766503,8.82832654209376,0,0,15.169399549461,6.97523661081399,-4.74853319525648,-4.74853319525648,4.44483542283543,7.48228515284891,3.97649335131415,4.78241361754106,6.48066573960404,3.15422222210631,-4.74853319525648,-4.74853319525648,3.93014214486755,2.81750893239592
"Micromonospora sp. CA-111912",0,34,0,0,0,0,0,0,0,0,0,0,2.37009606094422,4.10960789347309,3.02955313552587,1.35650629305095,0.174938134455507,0.271815527070814,0,28.4411527313307,0,0,0,0,0,0,0,0,0,0,-4.74853319525648,4.83367469017551,-4.74853319525648,-4.74853319525648,-4.74853319525648,-4.74853319525648,-4.74853319525648,-4.74853319525648,-4.74853319525648,-4.74853319525648,-4.74853319525648,-4.74853319525648
"Mucilaginibacter ginkgonis",0,0,67,0,0,0,0,36,0,0,0,0,7.55997808884324,4.74066802794429,2.98250991954544,1.58948944205584,0.111949935814472,0.190973419918805,0,0,80.7878697062634,0,0,0,0,9.93186735985548,0,0,0,0,-4.74853319525648,-4.74853319525648,6.33739450718002,-4.74853319525648,-4.74853319525648,-4.74853319525648,-4.74853319525648,3.32281221148085,-4.74853319525648,-4.74853319525648,-4.74853319525648,-4.74853319525648
"Mycosarcoma maydis",0,0,23,0,0,0,0,42,0,0,0,0,3.27669399072068,3.13855380026852,2.98804568259519,1.05037008588925,0.293547993538227,0.425644590630429,0,0,27.7331493021501,0,0,0,0,11.5871785864981,0,0,0,0,-4.74853319525648,-4.74853319525648,4.79740217205522,-4.74853319525648,-4.74853319525648,-4.74853319525648,-4.74853319525648,3.54367663783063,-4.74853319525648,-4.74853319525648,-4.74853319525648,-4.74853319525648
"Nocardioides panacisoli",0,0,84,0,0,0,0,0,0,0,0,0,8.44052370065438,6.5399500278574,3.01197383776802,2.17131701007859,0.02990721736487,0.0650481977685923,0,0,101.286284407853,0,0,0,0,0,0,0,0,0,-4.74853319525648,-4.74853319525648,6.66335418139486,-4.74853319525648,-4.74853319525648,-4.74853319525648,-4.74853319525648,-4.74853319525648,-4.74853319525648,-4.74853319525648,-4.74853319525648,-4.74853319525648
"Nocardioides scoriae",0,0,350,0,0,0,0,121,0,0,0,0,37.9506912308343,8.37961017862359,2.99264591293137,2.80006737262664,0.00510919419192258,0.0138906217092895,0,0,422.026185032719,0,0,0,0,33.382109737292,0,0,0,0,-4.74853319525648,-4.74853319525648,8.72144301103679,-4.74853319525648,-4.74853319525648,-4.74853319525648,-4.74853319525648,5.0642133043793,-4.74853319525648,-4.74853319525648,-4.74853319525648,-4.74853319525648
"Nocardioides sp. HDW12B",0,0,92,0,0,0,0,0,0,0,0,0,9.2443831007167,6.67099407370532,3.01160623280886,2.21509505493467,0.0267535407946635,0.0629069743009655,0,0,110.9325972086,0,0,0,0,0,0,0,0,0,-4.74853319525648,-4.74853319525648,6.79450665960507,-4.74853319525648,-4.74853319525648,-4.74853319525648,-4.74853319525648,-4.74853319525648,-4.74853319525648,-4.74853319525648,-4.74853319525648,-4.74853319525648
"Ornithinimicrobium flavum",0,0,282,0,0,0,0,0,0,0,0,0,28.3360438521968,27.393892058475,3.07045701613883,8.92176373565505,4.58920419706004e-19,4.99075956430279e-18,0,0,340.032526226362,0,0,0,0,0,0,0,0,0,-4.74853319525648,-4.74853319525648,8.40984456358373,-4.74853319525648,-4.74853319525648,-4.74853319525648,-4.74853319525648,-4.74853319525648,-4.74853319525648,-4.74853319525648,-4.74853319525648,-4.74853319525648
"Pantoea ananatis",0,0,0,0,0,0,0,308,0,0,0,0,7.08105358063771,-20.139531375452,3.10685611432247,-6.48228647686956,9.03428898737539e-11,3.74277686619838e-10,0,0,0,0,0,0,0,84.9726429676525,0,0,0,0,-4.74853319525648,-4.74853319525648,-4.74853319525648,-4.74853319525648,-4.74853319525648,-4.74853319525648,-4.74853319525648,6.41018891184026,-4.74853319525648,-4.74853319525648,-4.74853319525648,-4.74853319525648
"Penicillium oxalicum",0,0,0,0,0,0,0,1551,0,0,0,0,35.6581626739256,-22.4013294134441,3.10677595752828,-7.21047469134735,5.57571597241198e-13,2.69492938666579e-12,0,0,0,0,0,0,0,427.897952087107,0,0,0,0,-4.74853319525648,-4.74853319525648,-4.74853319525648,-4.74853319525648,-4.74853319525648,-4.74853319525648,-4.74853319525648,8.74137378092291,-4.74853319525648,-4.74853319525648,-4.74853319525648,-4.74853319525648
"Penicillium psychrofluorescens",0,0,0,0,0,0,0,220,0,0,0,0,5.05789541474122,-3.72184457667041,3.05248987418714,-1.21928154721939,0.222737349886597,0.328443210849727,0,0,0,0,0,0,0,60.6947449768946,0,0,0,0,-4.74853319525648,-4.74853319525648,-4.74853319525648,-4.74853319525648,-4.74853319525648,-4.74853319525648,-4.74853319525648,5.92526657246964,-4.74853319525648,-4.74853319525648,-4.74853319525648,-4.74853319525648
"Pichia kudriavzevii",30,32,0,48,0,133,35,0,0,190,0,0,64.3304141660695,-0.795040060399919,2.82786678762596,-0.281144806353261,0.778599335993609,0.824391202808361,137.809362206707,26.7681437471348,0,57.1954552651564,0,77.6656205738436,94.6383133994776,0,0,377.888074800515,0,0,7.107308664548,4.74644677615652,-4.74853319525648,5.83970347005673,-4.74853319525648,6.28058527351379,6.56548598167942,-4.74853319525648,-4.74853319525648,8.56209918646053,-4.74853319525648,-4.74853319525648
"Plasmodium relictum",0,0,0,208,0,0,0,0,0,0,0,0,20.6539144013065,30,3.08592679732632,9.72155270371037,2.44031494047996e-22,7.07691332739188e-21,0,0,0,247.846972815678,0,0,0,0,0,0,0,0,-4.74853319525648,-4.74853319525648,-4.74853319525648,7.95373881210449,-4.74853319525648,-4.74853319525648,-4.74853319525648,-4.74853319525648,-4.74853319525648,-4.74853319525648,-4.74853319525648,-4.74853319525648
"Plasmodium vivax",0,0,0,0,118,0,0,0,0,0,23,0,3.81537321811046,0.681233055266103,3.01664657436868,0.225824616332018,0.821337830514406,0.850671324461349,0,0,0,0,34.8814726911504,0,0,0,0,0,10.9030059261751,0,-4.74853319525648,-4.74853319525648,-4.74853319525648,-4.74853319525648,5.12746135736561,-4.74853319525648,-4.74853319525648,-4.74853319525648,-4.74853319525648,-4.74853319525648,3.45644883552158,-4.74853319525648
"Podospora pseudopauciseta",0,0,163,0,51,0,0,92,0,0,0,0,19.7500794052627,6.03913780391999,2.97335870686007,2.03108282562296,0.0422465933435863,0.0835330368384547,0,0,196.543623315238,0,15.0758907393955,0,0,25.3814388085196,0,0,0,0,-4.74853319525648,-4.74853319525648,7.61925172059866,-4.74853319525648,3.92126497641987,-4.74853319525648,-4.74853319525648,4.6699216787553,-4.74853319525648,-4.74853319525648,-4.74853319525648,-4.74853319525648
"Psilocybe cubensis",0,0,0,42,0,0,0,51,0,0,0,0,5.34301406528948,0.990551585198711,3.02993519872421,0.326921706317611,0.743727103113616,0.824391202808361,0,0,0,50.0460233570119,0,0,0,14.0701454264619,0,0,0,0,-4.74853319525648,-4.74853319525648,-4.74853319525648,5.64732593121872,-4.74853319525648,-4.74853319525648,-4.74853319525648,3.82216403531223,-4.74853319525648,-4.74853319525648,-4.74853319525648,-4.74853319525648
"Puccinia striiformis",0,0,0,0,493,130,0,88,0,0,187,156,31.2394015536768,-2.41186484506505,2.67920917203712,-0.900215209113814,0.368005733843383,0.485098467339005,0,0,0,0,145.733610480823,75.9137644706742,0,24.2778979907579,0,0,88.6461786171628,40.3013670847031,-4.74853319525648,-4.74853319525648,-4.74853319525648,-4.74853319525648,7.18792608767807,6.24770249829517,-4.74853319525648,4.60598270833855,-4.74853319525648,-4.74853319525648,6.47119663281583,5.33541657703571
"Purpureocillium takamizusanense",0,0,105,0,0,0,0,0,0,0,0,0,10.550654625818,25.2193203812116,3.07274111106607,8.20743416696824,2.25965284184331e-16,1.2286862327523e-15,0,0,126.607855509816,0,0,0,0,0,0,0,0,0,-4.74853319525648,-4.74853319525648,6.98507053645508,-4.74853319525648,-4.74853319525648,-4.74853319525648,-4.74853319525648,-4.74853319525648,-4.74853319525648,-4.74853319525648,-4.74853319525648,-4.74853319525648
"Pyrenophora tritici-repentis",0,0,0,0,108,60,0,925,0,0,57,32,29.7869826579989,-7.57191761923673,2.87953874223329,-2.62955920966848,0.0085495642252368,0.021876826105753,0,0,0,0,31.9254156834258,35.0371220633881,0,255.193814107398,0,0,27.0204929474774,8.26694709429806,-4.74853319525648,-4.74853319525648,-4.74853319525648,-4.74853319525648,4.9999897878269,5.13387105612088,-4.74853319525648,7.99587007021136,-4.74853319525648,-4.74853319525648,4.75994637828348,3.06025187824364
"Rhizoctonia solani",0,0,15,27,0,0,0,127,0,0,0,0,7.10805842099895,2.44881922156294,2.98904685944798,0.819264245999538,0.41263566696717,0.521244687598979,0,0,18.0868365014022,32.1724435866505,0,0,0,35.0374209639346,0,0,0,0,-4.74853319525648,-4.74853319525648,4.18278455651369,5.01108417422889,-4.74853319525648,-4.74853319525648,-4.74853319525648,5.13388333760088,-4.74853319525648,-4.74853319525648,-4.74853319525648,-4.74853319525648
"Rhodoferax sp. BAB1",0,0,78,0,0,0,0,0,0,0,0,0,7.83762915060764,6.43321099646239,3.01229867068658,2.13564845314495,0.0327080788831566,0.0694049478740152,0,0,94.0515498072917,0,0,0,0,0,0,0,0,0,-4.74853319525648,-4.74853319525648,6.55652040346576,-4.74853319525648,-4.74853319525648,-4.74853319525648,-4.74853319525648,-4.74853319525648,-4.74853319525648,-4.74853319525648,-4.74853319525648,-4.74853319525648
"Rhodopseudomonas boonkerdii",0,0,0,0,0,0,0,501,0,0,0,0,11.518207285388,-20.8933966645059,3.10681754028956,-6.72501567715451,1.75573537945844e-11,8.03941989541497e-11,0,0,0,0,0,0,0,138.218487424655,0,0,0,0,-4.74853319525648,-4.74853319525648,-4.74853319525648,-4.74853319525648,-4.74853319525648,-4.74853319525648,-4.74853319525648,7.11158305513658,-4.74853319525648,-4.74853319525648,-4.74853319525648,-4.74853319525648
"Rubrobacter xylanophilus",0,0,28,0,0,0,0,0,0,0,0,0,2.81350790021813,4.95917674491,3.02031707575079,1.64193911451408,0.100602622677372,0.175048563458627,0,0,33.7620948026175,0,0,0,0,0,0,0,0,0,-4.74853319525648,-4.74853319525648,5.08050652008633,-4.74853319525648,-4.74853319525648,-4.74853319525648,-4.74853319525648,-4.74853319525648,-4.74853319525648,-4.74853319525648,-4.74853319525648,-4.74853319525648
"Serinicoccus hydrothermalis",0,0,544,0,0,0,0,79,0,0,0,0,56.4786834668041,9.15429702679401,2.99239933881959,3.05918294662006,0.00221941571180355,0.00689604167596104,0,0,655.949270450855,0,0,0,0,21.794931150794,0,0,0,0,-4.74853319525648,-4.74853319525648,9.35760405812181,-4.74853319525648,-4.74853319525648,-4.74853319525648,-4.74853319525648,4.45083308754205,-4.74853319525648,-4.74853319525648,-4.74853319525648,-4.74853319525648
"Sphaerotilus sulfidivorans",0,0,0,0,0,0,0,0,0,60,0,0,9.94442302106618,-6.72553631946481,3.02544031500614,-2.2229942154556,0.0262161900308563,0.0629069743009655,0,0,0,0,0,0,0,0,0,119.333076252794,0,0,-4.74853319525648,-4.74853319525648,-4.74853319525648,-4.74853319525648,-4.74853319525648,-4.74853319525648,-4.74853319525648,-4.74853319525648,-4.74853319525648,6.89974923083054,-4.74853319525648,-4.74853319525648
"Sporisorium graminicola",0,0,0,0,386,252,0,176,0,0,139,133,34.1722572749636,-2.81354220207869,2.74290751248594,-1.02575175767729,0.305008610912026,0.435012281136824,0,0,0,0,114.10380049817,147.15591266623,0,48.5557959815157,0,0,65.8920792929713,34.3594988606763,-4.74853319525648,-4.74853319525648,-4.74853319525648,-4.74853319525648,6.83514327998045,7.20193084071314,-4.74853319525648,5.60377968752986,-4.74853319525648,-4.74853319525648,6.04366076773393,5.10575599782461
"Staphylococcus aureus",352,1933,1341,1357,5470,2769,598,5861,280,813,3411,6259,1616.96318322536,-8.70546884257624e-06,1.27807717694664,-6.81137962526944e-06,0.999994565305359,0.999994565305359,1616.96318322536,1616.96318322536,1616.96318322536,1616.96318322536,1616.96318322536,1616.96318322536,1616.96318322536,1616.96318322536,1616.96318322536,1616.96318322536,1616.96318322536,1616.96318322536,10.6591374951891,10.6591374951891,10.6591374951891,10.6591374951891,10.6591374951891,10.6591374951891,10.6591374951891,10.6591374951891,10.6591374951891,10.6591374951891,10.6591374951891,10.6591374951891
"Streptomyces huangiella",37,142,89,173,0,75,0,0,0,64,0,0,64.4408932034627,1.99801144970493,2.72202396023271,0.734016848820875,0.462938469335143,0.575366383316535,169.964880054938,118.783637877911,107.31522990832,206.141953351501,0,43.7964025792351,0,0,0,127.288614669647,0,0,7.40972418537978,6.8930955312866,6.74671071680971,7.68801489589673,-4.74853319525648,5.4551881915806,-4.74853319525648,-4.74853319525648,-4.74853319525648,6.99280246844008,-4.74853319525648,-4.74853319525648
"Streptomyces sp. NBC_01006",0,0,0,0,0,0,0,112,0,0,0,0,2.57492857477735,-3.00840854026739,3.07058917485366,-0.979749607959447,0.327209732083806,0.457783161724714,0,0,0,0,0,0,0,30.8991428973282,0,0,0,0,-4.74853319525648,-4.74853319525648,-4.74853319525648,-4.74853319525648,-4.74853319525648,-4.74853319525648,-4.74853319525648,4.95296247732417,-4.74853319525648,-4.74853319525648,-4.74853319525648,-4.74853319525648
"Streptomyces sp. T12",0,0,0,0,56,0,0,141,0,0,0,0,4.62114442244654,-5.16957369435658,2.99693840993116,-1.72495159634439,0.0845361959522393,0.153026015188332,0,0,0,0,16.5539192432578,0,0,38.8998138261006,0,0,0,0,-4.74853319525648,-4.74853319525648,-4.74853319525648,-4.74853319525648,4.05556331665506,-4.74853319525648,-4.74853319525648,5.28444674109471,-4.74853319525648,-4.74853319525648,-4.74853319525648,-4.74853319525648
"Tardibacter chloracetimidivorans",0,0,1580,0,0,0,0,1142,0,0,0,0,185.017306801556,9.88497136241162,2.98144058344401,3.31550171326674,0.000914787803334157,0.00318346155560287,0,0,1905.1467781477,0,0,0,0,315.060903470971,0,0,0,0,-4.74853319525648,-4.74853319525648,10.8957427755891,-4.74853319525648,-4.74853319525648,-4.74853319525648,-4.74853319525648,8.29982755780968,-4.74853319525648,-4.74853319525648,-4.74853319525648,-4.74853319525648
"Thermothelomyces thermophilus",0,0,221,0,0,0,0,28,0,0,0,0,22.850348070416,8.18858914667929,2.99495610912542,2.73412659428605,0.006254599213301,0.0164893979259754,0,0,266.47939112066,0,0,0,0,7.72478572433204,0,0,0,0,-4.74853319525648,-4.74853319525648,8.0582828686467,-4.74853319525648,-4.74853319525648,-4.74853319525648,-4.74853319525648,2.9632908775004,-4.74853319525648,-4.74853319525648,-4.74853319525648,-4.74853319525648
"Tigrvirus phiE094",0,37,0,0,0,0,0,92,0,0,0,0,4.69434208467868,1.42260926742913,3.01739632812069,0.471469145160381,0.637305748528084,0.749264866512747,0,30.9506662076246,0,0,0,0,0,25.3814388085196,0,0,0,0,-4.74853319525648,4.95536035863199,-4.74853319525648,-4.74853319525648,-4.74853319525648,-4.74853319525648,-4.74853319525648,4.6699216787553,-4.74853319525648,-4.74853319525648,-4.74853319525648,-4.74853319525648
"Toxoplasma gondii",0,22,0,0,366,172,28,129,14,275,180,200,91.9268412034424,-3.65406506515376,1.97269627464908,-1.85232015293575,0.0639798634813229,0.121005393975545,0,18.4030988261552,0,0,108.191686482721,100.439749915046,75.7106507195821,35.5891913728155,80.848159161268,546.94326615864,85.3278724657182,51.6684193393629,-4.74853319525648,4.20769181128513,-4.74853319525648,-4.74853319525648,6.75843743405311,6.65125461884688,6.24384105920283,5.15637855932357,6.33846975432214,9.09544361206848,6.41620229787101,5.69328604354679
"Trichoderma asperellum",0,0,206,0,40,0,0,0,0,0,0,0,21.684731887513,26.6642528079737,3.07107283936861,8.68239022733685,3.87537168168834e-18,3.37157336306885e-17,0,0,248.392554619257,0,11.8242280308984,0,0,0,0,0,0,0,-4.74853319525648,-4.74853319525648,7.95691015384604,-4.74853319525648,3.57270935357081,-4.74853319525648,-4.74853319525648,-4.74853319525648,-4.74853319525648,-4.74853319525648,-4.74853319525648,-4.74853319525648
"Trichoderma breve",0,0,6554,0,0,0,0,54,0,0,0,0,659.803296921039,12.8704801200592,2.99214019638317,4.30142950374342,1.69699764781585e-05,6.41907805912953e-05,0,0,7902.74176201269,0,0,0,0,14.8978010397832,0,0,0,0,-4.74853319525648,-4.74853319525648,12.9481511329199,-4.74853319525648,-4.74853319525648,-4.74853319525648,-4.74853319525648,3.9042056149837,-4.74853319525648,-4.74853319525648,-4.74853319525648,-4.74853319525648
"Trichomonas vaginalis",0,0,0,29,0,0,0,0,0,0,0,0,2.879632296336,2.59025859829787,3.04832821023269,0.849730875304972,0.395474728554118,0.513526886331466,0,0,0,34.555587556032,0,0,0,0,0,0,0,0,-4.74853319525648,-4.74853319525648,-4.74853319525648,5.11394834294842,-4.74853319525648,-4.74853319525648,-4.74853319525648,-4.74853319525648,-4.74853319525648,-4.74853319525648,-4.74853319525648,-4.74853319525648
"Tundrisphaera macrotermitis",0,0,67,0,0,0,0,0,0,0,0,0,6.73232247552195,6.21429764985667,3.013044047927,2.06246491953284,0.0391634941028991,0.0794382535379718,0,0,80.7878697062634,0,0,0,0,0,0,0,0,0,-4.74853319525648,-4.74853319525648,6.33739450718002,-4.74853319525648,-4.74853319525648,-4.74853319525648,-4.74853319525648,-4.74853319525648,-4.74853319525648,-4.74853319525648,-4.74853319525648,-4.74853319525648
"Ustilaginoidea virens",0,0,495,0,0,0,0,121,0,0,0,0,52.5206428569638,8.88334013438894,2.99229944419797,2.96873367791236,0.00299029641032533,0.00867185958994347,0,0,596.865604546274,0,0,0,0,33.382109737292,0,0,0,0,-4.74853319525648,-4.74853319525648,9.22144212742557,-4.74853319525648,-4.74853319525648,-4.74853319525648,-4.74853319525648,5.0642133043793,-4.74853319525648,-4.74853319525648,-4.74853319525648,-4.74853319525648
"Vanrija pseudolonga",0,76,44,0,1113,565,70,150,0,0,479,268,108.544428756609,-0.669692225223967,2.04254403481125,-0.327871621766947,0.743008731282303,0.824391202808361,0,63.5743413994451,53.0547204041132,0,329.009144959749,329.932899430238,189.276626798955,41.3827806660645,0,0,227.066949505995,69.2356819147463,-4.74853319525648,5.99205961219899,5.73143024412731,-4.74853319525648,8.36231006567537,8.36635411182552,7.56491938668007,5.37354897777613,-4.74853319525648,-4.74853319525648,7.8274465203215,6.11499292466195
"Vibrio parahaemolyticus",0,0,0,0,1038,0,0,0,0,0,339,0,38.9616286565764,-0.244819968047168,2.96926866473693,-0.082451268541191,0.934287868396749,0.945151680819967,0,0,0,0,306.838717401814,0,0,0,0,0,160.700826477103,0,-4.74853319525648,-4.74853319525648,-4.74853319525648,-4.74853319525648,8.26168648112154,-4.74853319525648,-4.74853319525648,-4.74853319525648,-4.74853319525648,-4.74853319525648,7.3289012437042,-4.74853319525648
"Xanthomonas phage vB_XooS_NR08",0,0,0,0,0,0,0,0,0,21,0,0,3.48054805737316,-5.20415074337718,3.03296349831718,-1.71586329550773,0.0861870660256124,0.153026015188332,0,0,0,0,0,0,0,0,0,41.766576688478,0,0,-4.74853319525648,-4.74853319525648,-4.74853319525648,-4.74853319525648,-4.74853319525648,-4.74853319525648,-4.74853319525648,-4.74853319525648,-4.74853319525648,5.38684351930267,-4.74853319525648,-4.74853319525648
"Yamadazyma tenuis",0,0,0,0,0,0,0,311,0,0,0,0,7.15002488174781,-20.1495162378065,3.10685514219802,-6.48550232166639,8.8436637953199e-11,3.74277686619838e-10,0,0,0,0,0,0,0,85.8002985809738,0,0,0,0,-4.74853319525648,-4.74853319525648,-4.74853319525648,-4.74853319525648,-4.74853319525648,-4.74853319525648,-4.74853319525648,6.42416097190428,-4.74853319525648,-4.74853319525648,-4.74853319525648,-4.74853319525648
"Zymoseptoria tritici",0,0,160,0,0,0,0,847,0,0,0,0,35.5500853480001,6.58085280123537,2.98892080275457,2.20174880350476,0.0276830572830065,0.0633796311479359,0,0,192.926256014957,0,0,0,0,233.674768161044,0,0,0,0,-4.74853319525648,-4.74853319525648,7.5924618952946,-4.74853319525648,-4.74853319525648,-4.74853319525648,-4.74853319525648,7.86881739063556,-4.74853319525648,-4.74853319525648,-4.74853319525648,-4.74853319525648
